ID,From,To
1,4784813239,Course1
2,4800891893,Course3
3,8479614053,Course3
4,9290159667,Course3
5,4991566949,Course3
6,9706615799,Course3
7,3285388144,Course2
8,4800891893,Course2
9,9290159667,Course2
10,1422142335,Course2
11,3285388144,Course1
12,3986578591,Course1
13,8479614053,Course2
14,1422142335,Course3
15,3986578591,Course2
16,4991566949,Course1
17,8479614053,Course1
18,9706615799,Course2
19,3986578591,Course3
20,9706615799,Course1
21,3574175120,Course1
22,4784813239,Course3
23,9290159667,Course1
24,1422142335,Course1
25,3285388144,Course3
26,3574175120,Course3
27,3574175120,Course2
28,4784813239,Course2
29,4800891893,Course1
30,4991566949,Course2
31,1864078434,Course3
32,5588524536,Course6
33,7593367099,Course5
34,3374693293,Course1
35,4540549979,Course6
36,4784813239,Course9
37,6295538694,Course1
38,1313020897,Course1
39,1647493071,Course6
40,4800891893,Course8
41,9290159667,Course9
42,9290159667,Course7
43,3374693293,Course3
44,4172304209,Course3
45,4368660602,Course2
46,4784813239,Course7
47,1864078434,Course1
48,4800891893,Course9
49,1313020897,Course3
50,4540549979,Course5
51,8265025887,Course4
52,9706615799,Course8
53,1313020897,Course2
54,2634724512,Course1
55,4991566949,Course7
56,5784742934,Course6
57,6295538694,Course3
58,9016952358,Course1
59,3285388144,Course9
60,4368660602,Course1
61,7007065989,Course2
62,3374693293,Course2
63,4991566949,Course9
64,1647493071,Course4
65,3285388144,Course7
66,4991566949,Course8
67,9706615799,Course9
68,9960941997,Course3
69,1168340921,Course5
70,1647493071,Course5
71,1654916649,Course5
72,3574175120,Course8
73,3986578591,Course8
74,7593367099,Course4
75,8265025887,Course6
76,9016952358,Course2
77,5588524536,Course5
78,6295538694,Course2
79,1422142335,Course7
80,7650358264,Course4
81,8283215692,Course4
82,3986578591,Course7
83,2634724512,Course3
84,7007065989,Course1
85,8283215692,Course6
86,3574175120,Course9
87,7650358264,Course5
88,9706615799,Course7
89,9960941997,Course1
90,5784742934,Course5
91,8283215692,Course5
92,1422142335,Course8
93,2634724512,Course2
94,3986578591,Course9
95,5784742934,Course4
96,7007065989,Course3
97,8479614053,Course7
98,1864078434,Course2
99,3285388144,Course8
100,8479614053,Course9
101,7650358264,Course6
102,1168340921,Course4
103,1422142335,Course9
104,1654916649,Course4
105,4368660602,Course3
106,8265025887,Course5
107,9960941997,Course2
108,4172304209,Course1
109,1168340921,Course6
110,1654916649,Course6
111,8479614053,Course8
112,9016952358,Course3
113,3574175120,Course7
114,4172304209,Course2
115,4800891893,Course7
116,5588524536,Course4
117,7593367099,Course6
118,9290159667,Course8
119,4540549979,Course4
120,4784813239,Course8
121,4020243550,Course6
122,4325315064,Course3
123,6981612896,Course6
124,1168340921,Course11
125,1654916649,Course12
126,4172304209,Course8
127,7007065989,Course8
128,8112831315,Course1
129,4325315064,Course1
130,6699991667,Course6
131,9016952358,Course7
132,1864078434,Course7
133,4020243550,Course4
134,6981612896,Course5
135,7593367099,Course11
136,8283215692,Course10
137,9247834877,Course6
138,1394941761,Course1
139,3367596729,Course5
140,3374693293,Course9
141,1647493071,Course11
142,5588524536,Course10
143,8112831315,Course3
144,8265025887,Course10
145,9960941997,Course9
146,3078414524,Course5
147,4172304209,Course7
148,8283215692,Course11
149,1394941761,Course2
150,2389610439,Course2
151,2634724512,Course8
152,3374693293,Course7
153,6295538694,Course9
154,6796236330,Course5
155,7007065989,Course9
156,9960941997,Course8
157,1394941761,Course3
158,1654916649,Course10
159,4431701095,Course3
160,4540549979,Course11
161,6999427840,Course2
162,7186511257,Course4
163,7187559044,Course6
164,7650358264,Course10
165,6796236330,Course6
166,9016952358,Course9
167,9052700276,Course6
168,1313020897,Course9
169,2634724512,Course9
170,5784742934,Course11
171,6295538694,Course7
172,7187559044,Course4
173,9016952358,Course8
174,9052700276,Course4
175,1168340921,Course12
176,1654916649,Course11
177,2389610439,Course1
178,2537654113,Course1
179,3850838904,Course2
180,4137997909,Course1
181,6295538694,Course8
182,7186511257,Course6
183,7650358264,Course12
184,8265025887,Course11
185,4137997909,Course3
186,4540549979,Course12
187,4368660602,Course9
188,8265025887,Course12
189,4020243550,Course5
190,4540549979,Course10
191,6699991667,Course5
192,2634724512,Course7
193,3078414524,Course6
194,4368660602,Course7
195,5588524536,Course12
196,7593367099,Course12
197,2389610439,Course3
198,5784742934,Course10
199,7007065989,Course7
200,9052700276,Course5
201,9247834877,Course5
202,1313020897,Course7
203,4368660602,Course8
204,6999427840,Course1
205,1647493071,Course10
206,4137997909,Course2
207,4431701095,Course1
208,6796236330,Course4
209,8112831315,Course2
210,3367596729,Course4
211,6981612896,Course4
212,2537654113,Course3
213,3367596729,Course6
214,3850838904,Course1
215,1313020897,Course8
216,3374693293,Course8
217,7187559044,Course5
218,2537654113,Course2
219,1647493071,Course12
220,6999427840,Course3
221,7186511257,Course5
222,7650358264,Course11
223,1864078434,Course8
224,3448118363,Course2
225,4325315064,Course2
226,5588524536,Course11
227,5784742934,Course12
228,9247834877,Course4
229,3448118363,Course1
230,4172304209,Course9
231,6699991667,Course4
232,7593367099,Course10
233,8283215692,Course12
234,1864078434,Course9
235,3078414524,Course4
236,3448118363,Course3
237,1168340921,Course10
238,3850838904,Course3
239,4431701095,Course2
240,9960941997,Course7
241,2974302419,Course1
242,3367596729,Course10
243,6699991667,Course10
244,7709074811,Course2
245,8317186460,Course1
246,1394941761,Course7
247,2389610439,Course8
248,2537654113,Course8
249,4020243550,Course11
250,7186511257,Course12
251,9171762242,Course5
252,1635242184,Course1
253,2974302419,Course3
254,5014754836,Course2
255,9171762242,Course4
256,4020243550,Course10
257,4137997909,Course7
258,8919040067,Course4
259,3959311068,Course2
260,5014754836,Course1
261,6981612896,Course11
262,8317186460,Course2
263,1769081101,Course4
264,4328571177,Course3
265,5230060699,Course4
266,5642867338,Course5
267,6460867046,Course4
268,6999427840,Course8
269,7187559044,Course10
270,8919040067,Course5
271,9575532707,Course5
272,9760083447,Course1
273,9854174075,Course1
274,1375067377,Course4
275,2389610439,Course7
276,3850838904,Course9
277,4328571177,Course1
278,6460867046,Course6
279,6796236330,Course10
280,8112831315,Course8
281,9052700276,Course10
282,9854174075,Course3
283,2537654113,Course7
284,5230060699,Course5
285,6999427840,Course7
286,9760083447,Course3
287,4431701095,Course7
288,8112831315,Course9
289,9575532707,Course4
290,1375067377,Course6
291,1394941761,Course9
292,1769081101,Course5
293,4431701095,Course8
294,6999427840,Course9
295,8112831315,Course7
296,9052700276,Course11
297,4325315064,Course9
298,9575532707,Course6
299,2974302419,Course2
300,4431701095,Course9
301,7187559044,Course12
302,8072792574,Course5
303,4137997909,Course8
304,3448118363,Course7
305,8072792574,Course4
306,8964907590,Course5
307,9854174075,Course2
308,2537654113,Course9
309,3448118363,Course9
310,3367596729,Course12
311,7186511257,Course10
312,8919040067,Course6
313,1375067377,Course5
314,1394941761,Course8
315,3850838904,Course7
316,4328571177,Course2
317,5642867338,Course6
318,7186511257,Course11
319,9760083447,Course2
320,3448118363,Course8
321,4020243550,Course12
322,6699991667,Course11
323,1769081101,Course6
324,5642867338,Course4
325,8964907590,Course6
326,2389610439,Course9
327,6796236330,Course11
328,3078414524,Course12
329,9052700276,Course12
330,3850838904,Course8
331,4137997909,Course9
332,5230060699,Course6
333,1191512830,Course3
334,1635242184,Course2
335,3078414524,Course11
336,3959311068,Course1
337,6699991667,Course12
338,7709074811,Course1
339,8317186460,Course3
340,9247834877,Course11
341,6796236330,Course12
342,8964907590,Course4
343,1191512830,Course2
344,3959311068,Course3
345,6981612896,Course12
346,7709074811,Course3
347,9247834877,Course10
348,3078414524,Course10
349,3367596729,Course11
350,9247834877,Course12
351,1191512830,Course1
352,1635242184,Course3
353,4325315064,Course8
354,6981612896,Course10
355,9171762242,Course6
356,4325315064,Course7
357,5014754836,Course3
358,6460867046,Course5
359,7187559044,Course11
360,8072792574,Course6
361,1635242184,Course9
362,5014754836,Course7
363,6509550025,Course1
364,7434279301,Course1
365,8225692756,Course5
366,1812867268,Course2
367,3345919606,Course3
368,4328571177,Course9
369,6243136616,Course4
370,7300878175,Course6
371,8964907590,Course12
372,9415890082,Course5
373,1375067377,Course11
374,8072792574,Course10
375,8740282061,Course1
376,1191512830,Course8
377,3959311068,Course8
378,6509550025,Course2
379,8225692756,Course6
380,2926537122,Course2
381,6460867046,Course11
382,1191512830,Course9
383,8072792574,Course11
384,1232473375,Course4
385,1812867268,Course3
386,4457907000,Course1
387,6280712683,Course1
388,7550850592,Course5
389,9074563926,Course1
390,9415890082,Course6
391,3345919606,Course1
392,4457907000,Course2
393,5498108097,Course6
394,5642867338,Course12
395,6280712683,Course3
396,8919040067,Course12
397,9074563926,Course3
398,9181549154,Course5
399,9760083447,Course9
400,1375067377,Course12
401,1769081101,Course12
402,2926537122,Course3
403,5642867338,Course10
404,6243136616,Course6
405,7550850592,Course6
406,8740282061,Course3
407,8964907590,Course11
408,1375067377,Course10
409,1769081101,Course11
410,4328571177,Course8
411,5230060699,Course10
412,5498108097,Course5
413,5642867338,Course11
414,6243136616,Course5
415,7300878175,Course5
416,9181549154,Course4
417,2926537122,Course1
418,5230060699,Course11
419,9415890082,Course4
420,9854174075,Course8
421,1232473375,Course5
422,3597035173,Course6
423,3959311068,Course7
424,6460867046,Course10
425,8317186460,Course9
426,1635242184,Course8
427,5522906291,Course1
428,7300878175,Course4
429,9854174075,Course9
430,9575532707,Course10
431,1232473375,Course6
432,5230060699,Course12
433,5522906291,Course3
434,7434279301,Course2
435,9760083447,Course8
436,9973127018,Course5
437,5522906291,Course2
438,6509550025,Course3
439,8919040067,Course10
440,5498108097,Course4
441,9854174075,Course7
442,1769081101,Course10
443,3345919606,Course2
444,7550850592,Course4
445,8919040067,Course11
446,8964907590,Course10
447,2974302419,Course7
448,3597035173,Course4
449,7709074811,Course8
450,2974302419,Course8
451,4328571177,Course7
452,7709074811,Course7
453,8740282061,Course2
454,9171762242,Course10
455,5014754836,Course8
456,9074563926,Course2
457,1812867268,Course1
458,4457907000,Course3
459,6280712683,Course2
460,6460867046,Course12
461,9181549154,Course6
462,9575532707,Course12
463,9760083447,Course7
464,7709074811,Course9
465,9171762242,Course11
466,2974302419,Course9
467,7434279301,Course3
468,8317186460,Course7
469,1191512830,Course7
470,3597035173,Course5
471,5014754836,Course9
472,8072792574,Course12
473,9171762242,Course12
474,9973127018,Course4
475,3959311068,Course9
476,8225692756,Course4
477,8317186460,Course8
478,9973127018,Course6
479,1635242184,Course7
480,9575532707,Course11
481,3597035173,Course10
482,5434953761,Course2
483,7408726601,Course5
484,9973127018,Course12
485,1232473375,Course12
486,1895013407,Course5
487,2342480634,Course4
488,2426847270,Course4
489,3053342158,Course4
490,7043109883,Course1
491,7300878175,Course12
492,7408726601,Course6
493,8129868026,Course5
494,9973127018,Course11
495,9415890082,Course11
496,1895013407,Course6
497,3345919606,Course9
498,5434953761,Course1
499,5522906291,Course8
500,7300878175,Course10
501,8129868026,Course4
502,8740282061,Course8
503,9177232959,Course3
504,9350248059,Course3
505,9546897753,Course6
506,9756576633,Course3
507,1364243602,Course6
508,2342480634,Course6
509,5522906291,Course9
510,6279798073,Course1
511,7550850592,Course10
512,9350248059,Course1
513,9546897753,Course5
514,2342480634,Course5
515,3345919606,Course7
516,4967509757,Course2
517,5522906291,Course7
518,6280712683,Course8
519,9074563926,Course7
520,9177232959,Course2
521,1232473375,Course11
522,3053342158,Course5
523,4967509757,Course3
524,7550850592,Course12
525,8443109586,Course3
526,9415890082,Course10
527,2426847270,Course5
528,4457907000,Course9
529,5498108097,Course10
530,6280712683,Course7
531,9181549154,Course11
532,9756576633,Course2
533,1812867268,Course7
534,2926537122,Course8
535,4457907000,Course7
536,6509550025,Course7
537,1895013407,Course4
538,6509550025,Course9
539,8740282061,Course7
540,9350248059,Course2
541,1812867268,Course9
542,1621829673,Course6
543,6243136616,Course11
544,8740282061,Course9
545,9181549154,Course10
546,9720828257,Course2
547,5498108097,Course12
548,6279798073,Course2
549,1812867268,Course8
550,6279798073,Course3
551,1364243602,Course4
552,1621829673,Course4
553,2426847270,Course6
554,2926537122,Course9
555,3053342158,Course6
556,4457907000,Course8
557,6280712683,Course9
558,7043109883,Course3
559,8129868026,Course6
560,8185417669,Course6
561,8443109586,Course1
562,9074563926,Course8
563,9177232959,Course1
564,9181549154,Course12
565,9415890082,Course12
566,9756576633,Course1
567,6509550025,Course8
568,9720828257,Course3
569,9973127018,Course10
570,2890488978,Course3
571,7434279301,Course9
572,3597035173,Course11
573,7550850592,Course11
574,1364243602,Course5
575,2926537122,Course7
576,8185417669,Course5
577,8225692756,Course12
578,1621829673,Course5
579,4967509757,Course1
580,5498108097,Course11
581,6243136616,Course12
582,7300878175,Course11
583,8185417669,Course4
584,9074563926,Course9
585,5434953761,Course3
586,7434279301,Course8
587,8225692756,Course11
588,7043109883,Course2
589,7434279301,Course7
590,9546897753,Course4
591,2890488978,Course1
592,9720828257,Course1
593,2890488978,Course2
594,3597035173,Course12
595,1232473375,Course10
596,3345919606,Course8
597,6243136616,Course10
598,8225692756,Course10
599,8443109586,Course2
600,1621829673,Course11
601,1895013407,Course12
602,6279798073,Course7
603,5434953761,Course9
604,2890488978,Course9
605,4967509757,Course9
606,9177232959,Course8
607,9720828257,Course7
608,1364243602,Course10
609,1621829673,Course12
610,1895013407,Course11
611,3053342158,Course11
612,7043109883,Course7
613,8185417669,Course11
614,8443109586,Course7
615,1621829673,Course10
616,2426847270,Course12
617,3053342158,Course12
618,4967509757,Course8
619,1895013407,Course10
620,2426847270,Course11
621,6279798073,Course9
622,7043109883,Course9
623,8129868026,Course10
624,9350248059,Course9
625,9756576633,Course8
626,1364243602,Course11
627,6279798073,Course8
628,8129868026,Course11
629,8185417669,Course12
630,9350248059,Course8
631,9546897753,Course10
632,7408726601,Course12
633,7408726601,Course10
634,8443109586,Course9
635,2342480634,Course11
636,5434953761,Course8
637,9546897753,Course11
638,8185417669,Course10
639,9177232959,Course7
640,9546897753,Course12
641,1364243602,Course12
642,2342480634,Course10
643,9756576633,Course9
644,2426847270,Course10
645,8129868026,Course12
646,9756576633,Course7
647,4967509757,Course7
648,9350248059,Course7
649,7408726601,Course11
650,3053342158,Course10
651,2890488978,Course7
652,7043109883,Course8
653,9177232959,Course9
654,2342480634,Course12
655,8443109586,Course8
656,2890488978,Course8
657,5434953761,Course7
658,9720828257,Course9
659,9720828257,Course8
660,4800891893,Course5
661,9290159667,Course6
662,3574175120,Course6
663,3986578591,Course4
664,4991566949,Course4
665,5784742934,Course3
666,9706615799,Course4
667,1654916649,Course2
668,9290159667,Course5
669,3574175120,Course4
670,5588524536,Course2
671,4800891893,Course4
672,8265025887,Course1
673,3574175120,Course5
674,4784813239,Course6
675,7593367099,Course3
676,1647493071,Course2
677,4991566949,Course6
678,1647493071,Course3
679,3285388144,Course5
680,8265025887,Course2
681,1168340921,Course1
682,1654916649,Course3
683,1168340921,Course3
684,1422142335,Course4
685,1654916649,Course1
686,3285388144,Course4
687,7650358264,Course3
688,8479614053,Course4
689,1422142335,Course5
690,3986578591,Course5
691,8479614053,Course6
692,9706615799,Course6
693,1168340921,Course2
694,4800891893,Course6
695,3285388144,Course6
696,4540549979,Course2
697,4991566949,Course5
698,4540549979,Course1
699,7650358264,Course2
700,8265025887,Course3
701,9290159667,Course4
702,1647493071,Course1
703,7650358264,Course1
704,8479614053,Course5
705,5588524536,Course3
706,7593367099,Course1
707,3986578591,Course6
708,4540549979,Course3
709,5784742934,Course2
710,9706615799,Course5
711,4784813239,Course4
712,7593367099,Course2
713,8283215692,Course2
714,4784813239,Course5
715,8283215692,Course3
716,5588524536,Course1
717,1422142335,Course6
718,8283215692,Course1
719,3574175120,Course10
720,8283215692,Course9
721,9247834877,Course2
722,1422142335,Course11
723,7187559044,Course2
724,9706615799,Course10
725,3078414524,Course1
726,6981612896,Course3
727,7650358264,Course8
728,9247834877,Course3
729,3078414524,Course3
730,4172304209,Course4
731,4784813239,Course12
732,6699991667,Course3
733,2634724512,Course6
734,3285388144,Course12
735,7007065989,Course6
736,1864078434,Course6
737,6796236330,Course2
738,3367596729,Course3
739,4020243550,Course1
740,5588524536,Course8
741,6699991667,Course2
742,1168340921,Course7
743,1654916649,Course7
744,3986578591,Course11
745,5784742934,Course9
746,7650358264,Course9
747,8479614053,Course11
748,1168340921,Course9
749,1422142335,Course12
750,3374693293,Course6
751,4368660602,Course5
752,9706615799,Course11
753,9960941997,Course5
754,1313020897,Course5
755,1647493071,Course9
756,2634724512,Course4
757,3374693293,Course4
758,4540549979,Course8
759,5784742934,Course8
760,7187559044,Course1
761,7650358264,Course7
762,8265025887,Course7
763,1647493071,Course7
764,4540549979,Course9
765,6796236330,Course3
766,7007065989,Course4
767,8265025887,Course8
768,9706615799,Course12
769,1313020897,Course4
770,4368660602,Course4
771,4540549979,Course7
772,5784742934,Course7
773,6295538694,Course4
774,7007065989,Course5
775,3986578591,Course12
776,7186511257,Course3
777,1647493071,Course8
778,4991566949,Course10
779,7186511257,Course1
780,4368660602,Course6
781,6981612896,Course1
782,7593367099,Course7
783,8479614053,Course10
784,1422142335,Course10
785,6295538694,Course5
786,1313020897,Course6
787,3986578591,Course10
788,4784813239,Course10
789,6295538694,Course6
790,6796236330,Course1
791,9016952358,Course5
792,2634724512,Course5
793,9960941997,Course4
794,1168340921,Course8
795,1654916649,Course9
796,3285388144,Course10
797,4991566949,Course12
798,9016952358,Course6
799,9052700276,Course1
800,9960941997,Course6
801,1864078434,Course4
802,3078414524,Course2
803,4172304209,Course6
804,4800891893,Course11
805,5588524536,Course9
806,7593367099,Course8
807,8283215692,Course7
808,3374693293,Course5
809,4172304209,Course5
810,9052700276,Course3
811,3574175120,Course11
812,7186511257,Course2
813,4991566949,Course11
814,7187559044,Course3
815,8479614053,Course12
816,9016952358,Course4
817,9052700276,Course2
818,3367596729,Course2
819,4800891893,Course10
820,9290159667,Course11
821,8265025887,Course9
822,1864078434,Course5
823,5588524536,Course7
824,7593367099,Course9
825,9290159667,Course10
826,4020243550,Course3
827,4784813239,Course11
828,4800891893,Course12
829,6981612896,Course2
830,9290159667,Course12
831,3367596729,Course1
832,3574175120,Course12
833,4020243550,Course2
834,6699991667,Course1
835,8283215692,Course8
836,1654916649,Course8
837,3285388144,Course11
838,9247834877,Course1
839,3078414524,Course7
840,3448118363,Course5
841,4172304209,Course12
842,8072792574,Course1
843,9171762242,Course1
844,1375067377,Course1
845,1769081101,Course1
846,4431701095,Course4
847,5642867338,Course2
848,3367596729,Course9
849,3448118363,Course6
850,4325315064,Course5
851,8072792574,Course3
852,4172304209,Course10
853,6699991667,Course8
854,9052700276,Course7
855,5230060699,Course1
856,6699991667,Course9
857,3448118363,Course4
858,9247834877,Course7
859,1375067377,Course3
860,2537654113,Course5
861,3850838904,Course5
862,4368660602,Course11
863,7186511257,Course8
864,9016952358,Course12
865,9052700276,Course9
866,1769081101,Course3
867,2537654113,Course4
868,7007065989,Course12
869,9575532707,Course3
870,2389610439,Course5
871,4137997909,Course6
872,4431701095,Course5
873,6295538694,Course12
874,6460867046,Course3
875,7186511257,Course7
876,8919040067,Course2
877,9960941997,Course11
878,2537654113,Course6
879,4137997909,Course4
880,4368660602,Course10
881,6460867046,Course2
882,7186511257,Course9
883,8964907590,Course2
884,9960941997,Course12
885,2634724512,Course11
886,3374693293,Course12
887,5642867338,Course3
888,6796236330,Course7
889,7007065989,Course10
890,7187559044,Course8
891,8919040067,Course3
892,8964907590,Course1
893,9016952358,Course10
894,9575532707,Course2
895,2634724512,Course10
896,3078414524,Course9
897,5230060699,Course3
898,6981612896,Course9
899,8112831315,Course4
900,9052700276,Course8
901,1375067377,Course2
902,8112831315,Course6
903,1313020897,Course12
904,1864078434,Course12
905,7187559044,Course7
906,1769081101,Course2
907,2389610439,Course6
908,6999427840,Course6
909,8964907590,Course3
910,9960941997,Course10
911,1394941761,Course5
912,3850838904,Course6
913,5642867338,Course1
914,8112831315,Course5
915,9575532707,Course1
916,6981612896,Course7
917,1313020897,Course10
918,3374693293,Course10
919,4368660602,Course12
920,6295538694,Course11
921,6460867046,Course1
922,6999427840,Course5
923,7187559044,Course9
924,9171762242,Course3
925,9247834877,Course9
926,2389610439,Course4
927,5230060699,Course2
928,6999427840,Course4
929,1394941761,Course6
930,4325315064,Course6
931,1313020897,Course11
932,1394941761,Course4
933,2634724512,Course12
934,3374693293,Course11
935,6295538694,Course10
936,6796236330,Course9
937,7007065989,Course11
938,8919040067,Course1
939,4020243550,Course9
940,6981612896,Course8
941,8072792574,Course2
942,1864078434,Course11
943,3367596729,Course7
944,3850838904,Course4
945,4137997909,Course5
946,4431701095,Course6
947,3078414524,Course8
948,3367596729,Course8
949,4020243550,Course8
950,4325315064,Course4
951,6699991667,Course7
952,9171762242,Course2
953,1864078434,Course10
954,4172304209,Course11
955,9247834877,Course8
956,4020243550,Course7
957,6796236330,Course8
958,9016952358,Course11
959,1191512830,Course6
960,1375067377,Course9
961,3597035173,Course2
962,5498108097,Course2
963,6243136616,Course2
964,6999427840,Course10
965,9973127018,Course1
966,7709074811,Course5
967,1769081101,Course8
968,9575532707,Course7
969,1635242184,Course5
970,2974302419,Course4
971,4325315064,Course12
972,7709074811,Course6
973,9171762242,Course9
974,4137997909,Course10
975,4431701095,Course10
976,8112831315,Course11
977,8964907590,Course7
978,4137997909,Course12
979,5230060699,Course9
980,6243136616,Course3
981,7300878175,Course1
982,8964907590,Course8
983,9415890082,Course1
984,1232473375,Course3
985,1394941761,Course12
986,3850838904,Course12
987,8112831315,Course12
988,9181549154,Course2
989,9575532707,Course9
990,9854174075,Course5
991,1394941761,Course11
992,2389610439,Course11
993,3850838904,Course11
994,6999427840,Course12
995,8919040067,Course9
996,9760083447,Course6
997,9854174075,Course4
998,1232473375,Course2
999,6243136616,Course1
1000,6460867046,Course8
1001,9760083447,Course4
1002,2537654113,Course12
1003,5014754836,Course6
1004,5642867338,Course7
1005,7550850592,Course1
1006,8225692756,Course2
1007,8919040067,Course8
1008,9171762242,Course7
1009,9181549154,Course1
1010,9760083447,Course5
1011,3448118363,Course10
1012,4137997909,Course11
1013,8317186460,Course4
1014,9181549154,Course3
1015,1375067377,Course7
1016,1394941761,Course10
1017,3959311068,Course5
1018,4328571177,Course4
1019,4431701095,Course12
1020,5642867338,Course8
1021,7300878175,Course3
1022,7709074811,Course4
1023,1769081101,Course7
1024,3959311068,Course6
1025,6460867046,Course9
1026,7550850592,Course2
1027,6460867046,Course7
1028,9415890082,Course3
1029,2389610439,Course12
1030,2537654113,Course11
1031,5230060699,Course8
1032,5498108097,Course1
1033,9575532707,Course8
1034,9854174075,Course6
1035,1191512830,Course4
1036,4325315064,Course10
1037,5014754836,Course4
1038,8072792574,Course9
1039,8225692756,Course1
1040,8317186460,Course6
1041,1232473375,Course1
1042,3850838904,Course10
1043,5230060699,Course7
1044,5498108097,Course3
1045,1375067377,Course8
1046,1769081101,Course9
1047,2389610439,Course10
1048,2537654113,Course10
1049,4328571177,Course5
1050,4431701095,Course11
1051,5642867338,Course9
1052,7550850592,Course3
1053,8112831315,Course10
1054,8964907590,Course9
1055,3597035173,Course1
1056,5014754836,Course5
1057,9171762242,Course8
1058,9973127018,Course3
1059,1191512830,Course5
1060,1635242184,Course4
1061,3959311068,Course4
1062,4328571177,Course6
1063,6999427840,Course11
1064,7300878175,Course2
1065,8919040067,Course7
1066,9415890082,Course2
1067,1635242184,Course6
1068,3448118363,Course11
1069,3597035173,Course3
1070,8072792574,Course8
1071,9973127018,Course2
1072,2974302419,Course6
1073,4325315064,Course11
1074,8225692756,Course3
1075,8317186460,Course5
1076,2974302419,Course5
1077,8072792574,Course7
1078,3448118363,Course12
1079,3959311068,Course12
1080,7550850592,Course9
1081,8185417669,Course3
1082,9181549154,Course7
1083,9760083447,Course10
1084,9973127018,Course7
1085,2342480634,Course1
1086,4457907000,Course4
1087,9546897753,Course2
1088,3597035173,Course7
1089,7434279301,Course6
1090,8317186460,Course11
1091,1191512830,Course10
1092,9854174075,Course10
1093,2926537122,Course5
1094,2974302419,Course11
1095,3053342158,Course1
1096,3597035173,Course8
1097,4457907000,Course6
1098,8129868026,Course3
1099,8317186460,Course10
1100,3597035173,Course9
1101,8225692756,Course8
1102,9973127018,Course8
1103,3345919606,Course4
1104,5498108097,Course8
1105,6243136616,Course9
1106,9181549154,Course8
1107,1232473375,Course9
1108,1812867268,Course6
1109,2926537122,Course4
1110,8740282061,Course5
1111,1364243602,Course3
1112,1621829673,Course2
1113,4328571177,Course11
1114,4457907000,Course5
1115,5498108097,Course9
1116,7300878175,Course9
1117,8185417669,Course1
1118,9415890082,Course8
1119,1812867268,Course4
1120,2426847270,Course2
1121,3345919606,Course5
1122,5522906291,Course5
1123,6280712683,Course6
1124,1895013407,Course1
1125,2342480634,Course3
1126,3345919606,Course6
1127,4328571177,Course12
1128,5522906291,Course6
1129,7300878175,Course8
1130,7550850592,Course8
1131,8129868026,Course1
1132,8740282061,Course6
1133,9074563926,Course5
1134,1364243602,Course2
1135,7709074811,Course11
1136,1191512830,Course12
1137,8129868026,Course2
1138,8317186460,Course12
1139,9074563926,Course6
1140,5498108097,Course7
1141,9074563926,Course4
1142,2974302419,Course12
1143,5014754836,Course11
1144,9973127018,Course9
1145,1621829673,Course1
1146,6280712683,Course5
1147,1621829673,Course3
1148,1635242184,Course10
1149,7550850592,Course7
1150,9181549154,Course9
1151,9415890082,Course9
1152,9760083447,Course12
1153,1232473375,Course7
1154,1812867268,Course5
1155,1895013407,Course2
1156,2342480634,Course2
1157,5522906291,Course4
1158,6243136616,Course8
1159,7300878175,Course7
1160,9546897753,Course1
1161,1635242184,Course12
1162,3959311068,Course10
1163,7434279301,Course5
1164,8225692756,Course9
1165,3053342158,Course3
1166,4328571177,Course10
1167,9760083447,Course11
1168,1191512830,Course11
1169,2426847270,Course3
1170,1232473375,Course8
1171,1364243602,Course1
1172,1895013407,Course3
1173,2426847270,Course1
1174,2926537122,Course6
1175,3053342158,Course2
1176,8740282061,Course4
1177,9415890082,Course7
1178,9546897753,Course3
1179,9854174075,Course11
1180,2974302419,Course10
1181,7408726601,Course2
1182,6243136616,Course7
1183,6280712683,Course4
1184,8185417669,Course2
1185,5014754836,Course12
1186,6509550025,Course5
1187,8225692756,Course7
1188,1635242184,Course11
1189,3959311068,Course11
1190,6509550025,Course4
1191,7408726601,Course1
1192,7434279301,Course4
1193,7709074811,Course10
1194,5014754836,Course10
1195,6509550025,Course6
1196,7408726601,Course3
1197,7709074811,Course12
1198,9854174075,Course12
1199,2890488978,Course4
1200,9720828257,Course4
1201,2426847270,Course7
1202,4967509757,Course6
1203,6280712683,Course11
1204,1895013407,Course7
1205,6280712683,Course10
1206,9720828257,Course5
1207,7408726601,Course7
1208,4457907000,Course12
1209,8740282061,Course10
1210,2342480634,Course7
1211,9074563926,Course10
1212,2890488978,Course6
1213,6509550025,Course10
1214,7408726601,Course9
1215,7434279301,Course12
1216,2342480634,Course8
1217,2426847270,Course8
1218,2926537122,Course10
1219,1895013407,Course8
1220,8129868026,Course7
1221,8185417669,Course7
1222,8443109586,Course4
1223,9756576633,Course4
1224,1812867268,Course10
1225,3053342158,Course8
1226,9546897753,Course9
1227,1621829673,Course8
1228,1895013407,Course9
1229,2342480634,Course9
1230,2926537122,Course11
1231,4457907000,Course11
1232,8740282061,Course12
1233,9074563926,Course12
1234,9177232959,Course4
1235,9756576633,Course6
1236,1364243602,Course7
1237,1621829673,Course7
1238,1812867268,Course11
1239,3053342158,Course7
1240,4967509757,Course4
1241,7043109883,Course4
1242,8185417669,Course8
1243,8443109586,Course5
1244,9177232959,Course6
1245,9546897753,Course8
1246,1621829673,Course9
1247,3053342158,Course9
1248,6280712683,Course12
1249,9546897753,Course7
1250,4967509757,Course5
1251,5434953761,Course5
1252,7434279301,Course10
1253,9350248059,Course5
1254,4457907000,Course10
1255,5522906291,Course12
1256,6279798073,Course5
1257,6279798073,Course4
1258,8129868026,Course9
1259,8443109586,Course6
1260,1812867268,Course12
1261,8185417669,Course9
1262,9074563926,Course11
1263,3345919606,Course12
1264,9350248059,Course6
1265,9177232959,Course5
1266,6279798073,Course6
1267,8740282061,Course11
1268,2890488978,Course5
1269,5434953761,Course6
1270,2426847270,Course9
1271,3345919606,Course10
1272,5522906291,Course11
1273,1364243602,Course8
1274,9350248059,Course4
1275,6509550025,Course11
1276,3345919606,Course11
1277,5522906291,Course10
1278,7043109883,Course6
1279,8129868026,Course8
1280,9756576633,Course5
1281,6509550025,Course12
1282,9720828257,Course6
1283,1364243602,Course9
1284,7408726601,Course8
1285,5434953761,Course4
1286,7434279301,Course11
1287,2926537122,Course12
1288,7043109883,Course5
1289,9350248059,Course11
1290,5434953761,Course11
1291,2890488978,Course11
1292,9720828257,Course11
1293,9756576633,Course11
1294,4967509757,Course12
1295,6279798073,Course10
1296,7043109883,Course12
1297,9177232959,Course12
1298,8443109586,Course12
1299,7043109883,Course11
1300,6279798073,Course11
1301,9350248059,Course10
1302,4967509757,Course10
1303,9720828257,Course12
1304,9756576633,Course12
1305,7043109883,Course10
1306,2890488978,Course10
1307,4967509757,Course11
1308,5434953761,Course12
1309,9177232959,Course11
1310,8443109586,Course11
1311,9756576633,Course10
1312,6279798073,Course12
1313,9177232959,Course10
1314,9350248059,Course12
1315,8443109586,Course10
1316,9720828257,Course10
1317,2890488978,Course12
1318,5434953761,Course10
